{
  "users": {
    "7833117573": {
      "id": 7833117573,
      "username": null,
      "first_name": "дима",
      "last_name": "ДимаPanh",
      "free_request_used": false,
      "subscription_expiry": null,
      "referral_code": null,
      "referrer_id": null,
      "referrals": {
        "level1": [],
        "level2": [],
        "level3": [],
        "level4": []
      }
    },
    "6198324744": {
      "id": 6198324744,
      "username": null,
      "first_name": "Илья_Z",
      "last_name": null,
      "free_request_used": true,
      "subscription_expiry": null,
      "referral_code": null,
      "referrer_id": null,
      "referrals": {
        "level1": [],
        "level2": [],
        "level3": [],
        "level4": []
      }
    },
    "5913639088": {
      "id": 5913639088,
      "username": null,
      "first_name": "Илья",
      "last_name": "Z",
      "free_request_used": true,
      "subscription_expiry": "2025-05-05T10:55:14.342858",
      "referral_code": "NTkxMzYzOT",
      "referrer_id": null,
      "referrals": {
        "level1": [],
        "level2": [],
        "level3": [],
        "level4": []
      }
    },
    "649443757": {
      "id": 649443757,
      "username": "AsyaMoi",
      "first_name": "Asya",
      "last_name": null,
      "free_request_used": true,
      "subscription_expiry": "2025-05-05T12:16:01.111718",
      "referral_code": null,
      "referrer_id": null,
      "referrals": {
        "level1": [],
        "level2": [],
        "level3": [],
        "level4": []
      }
    },
    "6273065305": {
      "id": 6273065305,
      "username": null,
      "first_name": "Жизнь пëтарчика",
      "last_name": null,
      "free_request_used": false,
      "subscription_expiry": null,
      "referral_code": null,
      "referrer_id": null,
      "referrals": {
        "level1": [],
        "level2": [],
        "level3": [],
        "level4": []
      }
    },
    "6739045417": {
      "id": 6739045417,
      "username": "Novokuznetskrodnoy",
      "first_name": "่่่",
      "last_name": null,
      "free_request_used": false,
      "subscription_expiry": null,
      "referral_code": null,
      "referrer_id": null,
      "referrals": {
        "level1": [],
        "level2": [],
        "level3": [],
        "level4": []
      }
    }
  }
}