{
  "users": {
    "7833117573": {
      "id": 7833117573,
      "username": null,
      "first_name": "дима",
      "last_name": "ДимаPanh",
      "free_request_used": true,
      "subscription_expiry": null,
      "referral_code": null,
      "referrer_id": null,
      "referrals": {
        "level1": [],
        "level2": [],
        "level3": [],
        "level4": []
      }
    },
    "6198324744": {
      "id": 6198324744,
      "username": null,
      "first_name": "Илья_Z",
      "last_name": null,
      "free_request_used": true,
      "subscription_expiry": null,
      "referral_code": null,
      "referrer_id": null,
      "referrals": {
        "level1": [],
        "level2": [],
        "level3": [],
        "level4": []
      }
    },
    "5913639088": {
      "id": 5913639088,
      "username": null,
      "first_name": "Илья",
      "last_name": "Z",
      "free_request_used": true,
      "subscription_expiry": "2025-05-05T10:55:14.342858",
      "referral_code": "NTkxMzYzOT",
      "referrer_id": null,
      "referrals": {
        "level1": [],
        "level2": [],
        "level3": [],
        "level4": []
      }
    },
    "649443757": {
      "id": 649443757,
      "username": "AsyaMoi",
      "first_name": "Asya",
      "last_name": null,
      "free_request_used": true,
      "subscription_expiry": "2025-05-05T12:16:01.111718",
      "referral_code": null,
      "referrer_id": null,
      "referrals": {
        "level1": [],
        "level2": [],
        "level3": [],
        "level4": []
      }
    },
    "6273065305": {
      "id": 6273065305,
      "username": null,
      "first_name": "Жизнь пëтарчика",
      "last_name": null,
      "free_request_used": false,
      "subscription_expiry": null,
      "referral_code": null,
      "referrer_id": null,
      "referrals": {
        "level1": [],
        "level2": [],
        "level3": [],
        "level4": []
      }
    },
    "6739045417": {
      "id": 6739045417,
      "username": "Novokuznetskrodnoy",
      "first_name": "่่่",
      "last_name": null,
      "free_request_used": false,
      "subscription_expiry": null,
      "referral_code": null,
      "referrer_id": null,
      "referrals": {
        "level1": [],
        "level2": [],
        "level3": [],
        "level4": []
      }
    },
    "2091242674": {
      "id": 2091242674,
      "username": "kchayyeee",
      "first_name": "Кто-то 🐺",
      "last_name": null,
      "free_request_used": true,
      "subscription_expiry": null,
      "referral_code": null,
      "referrer_id": null,
      "referrals": {
        "level1": [],
        "level2": [],
        "level3": [],
        "level4": []
      }
    },
    "7344143215": {
      "id": 7344143215,
      "username": "kchayeeee",
      "first_name": "н",
      "last_name": null,
      "free_request_used": true,
      "subscription_expiry": null,
      "referral_code": null,
      "referrer_id": null,
      "referrals": {
        "level1": [],
        "level2": [],
        "level3": [],
        "level4": []
      }
    },
    "1422194909": {
      "id": 1422194909,
      "username": "developer_telegrams",
      "first_name": "[Developer]",
      "last_name": "Разработка",
      "free_request_used": false,
      "subscription_expiry": null,
      "referral_code": null,
      "referrer_id": null,
      "referrals": {
        "level1": [],
        "level2": [],
        "level3": [],
        "level4": []
      }
    },
    "999999": {
      "id": 999999,
      "username": "test_user",
      "first_name": "Test",
      "last_name": "User",
      "free_request_used": false,
      "subscription_expiry": null,
      "referral_code": "ref_8v5e6h08_999999",
      "referrer_id": null,
      "referrals": {
        "level1": [],
        "level2": [],
        "level3": [],
        "level4": []
      }
    },
    "888888": {
      "id": 888888,
      "username": "referrer_user",
      "first_name": "Referrer",
      "last_name": "User",
      "free_request_used": false,
      "subscription_expiry": null,
      "referral_code": "ref_test123_888888",
      "referrer_id": null,
      "referrals": {
        "level1": [
          777777
        ],
        "level2": [],
        "level3": [],
        "level4": []
      }
    },
    "777777": {
      "id": 777777,
      "username": "referred_user",
      "first_name": "Referred",
      "last_name": "User",
      "free_request_used": false,
      "subscription_expiry": null,
      "referral_code": null,
      "referrer_id": 888888,
      "referrals": {
        "level1": [],
        "level2": [],
        "level3": [],
        "level4": []
      }
    },
    "100001": {
      "id": 100001,
      "username": "main_referrer",
      "referral_code": "ref_main_100001",
      "referrer_id": null,
      "referrals": {
        "level1": [
          100002
        ],
        "level2": [
          100003
        ],
        "level3": [
          100004
        ],
        "level4": [
          100005
        ]
      }
    },
    "100002": {
      "id": 100002,
      "username": "level1",
      "referral_code": "ref_level1_100002",
      "referrer_id": 100001,
      "referrals": {
        "level1": [
          100003
        ],
        "level2": [
          100004
        ],
        "level3": [
          100005
        ],
        "level4": []
      }
    },
    "100003": {
      "id": 100003,
      "username": "level2",
      "referral_code": "ref_level2_100003",
      "referrer_id": 100002,
      "referrals": {
        "level1": [
          100004
        ],
        "level2": [
          100005
        ],
        "level3": [],
        "level4": []
      }
    },
    "100004": {
      "id": 100004,
      "username": "level3",
      "referral_code": "ref_level3_100004",
      "referrer_id": 100003,
      "referrals": {
        "level1": [
          100005
        ],
        "level2": [],
        "level3": [],
        "level4": []
      }
    },
    "100005": {
      "id": 100005,
      "username": "subscriber",
      "referral_code": null,
      "referrer_id": 100004,
      "referrals": {
        "level1": [],
        "level2": [],
        "level3": [],
        "level4": []
      }
    },
    "379704784": {
      "id": 379704784,
      "username": "apple_juicezz",
      "first_name": "Alex",
      "last_name": "Molchanov",
      "free_request_used": false,
      "subscription_expiry": null,
      "referral_code": "ref_79da2azx_379704784",
      "referrer_id": null,
      "referrals": {
        "level1": [],
        "level2": [],
        "level3": [],
        "level4": []
      }
    },
    "852123125": {
      "id": 852123125,
      "username": null,
      "first_name": "Ivan",
      "last_name": null,
      "free_request_used": false,
      "subscription_expiry": null,
      "referral_code": "ref_t104bq61_852123125",
      "referrer_id": null,
      "referrals": {
        "level1": [],
        "level2": [],
        "level3": [],
        "level4": []
      }
    }
  }
}