{
  "users": {
    "7833117573": {
      "id": 7833117573,
      "username": null,
      "first_name": "дима",
      "last_name": "ДимаPanh",
      "free_request_used": true,
      "subscription_expiry": null,
      "referral_code": "ref_NzgzMzEx",
      "referrer_id": null,
      "referrals": {
        "level1": [],
        "level2": [],
        "level3": [],
        "level4": []
      }
    },
    "6198324744": {
      "id": 6198324744,
      "username": null,
      "first_name": "Илья_Z",
      "last_name": null,
      "free_request_used": true,
      "subscription_expiry": null,
      "referral_code": "ref_NjE5ODMy",
      "referrer_id": null,
      "referrals": {
        "level1": [],
        "level2": [],
        "level3": [],
        "level4": []
      }
    },
    "5913639088": {
      "id": 5913639088,
      "username": null,
      "first_name": "Илья",
      "last_name": "Z",
      "free_request_used": true,
      "subscription_expiry": "2025-05-05T10:55:14.342858",
      "referral_code": "NTkxMzYzOT",
      "referrer_id": null,
      "referrals": {
        "level1": [],
        "level2": [],
        "level3": [],
        "level4": []
      }
    },
    "649443757": {
      "id": 649443757,
      "username": "AsyaMoi",
      "first_name": "Asya",
      "last_name": null,
      "free_request_used": true,
      "subscription_expiry": "2025-05-05T12:16:01.111718",
      "referral_code": "ref_NjQ5NDQz",
      "referrer_id": null,
      "referrals": {
        "level1": [],
        "level2": [],
        "level3": [],
        "level4": []
      }
    },
    "6273065305": {
      "id": 6273065305,
      "username": null,
      "first_name": "Жизнь пëтарчика",
      "last_name": null,
      "free_request_used": false,
      "subscription_expiry": null,
      "referral_code": "ref_NjI3MzA2",
      "referrer_id": null,
      "referrals": {
        "level1": [],
        "level2": [],
        "level3": [],
        "level4": []
      }
    },
    "6739045417": {
      "id": 6739045417,
      "username": "Novokuznetskrodnoy",
      "first_name": "่่่",
      "last_name": null,
      "free_request_used": false,
      "subscription_expiry": null,
      "referral_code": "ref_NjczOTA0",
      "referrer_id": null,
      "referrals": {
        "level1": [],
        "level2": [],
        "level3": [],
        "level4": []
      }
    },
    "2091242674": {
      "id": 2091242674,
      "username": "kchayyeee",
      "first_name": "Кто-то 🐺",
      "last_name": null,
      "free_request_used": true,
      "subscription_expiry": null,
      "referral_code": "ref_MjA5MTI0",
      "referrer_id": null,
      "referrals": {
        "level1": [],
        "level2": [],
        "level3": [],
        "level4": []
      }
    },
    "7344143215": {
      "id": 7344143215,
      "username": "kchayeeee",
      "first_name": "н",
      "last_name": null,
      "free_request_used": true,
      "subscription_expiry": null,
      "referral_code": "ref_NzM0NDE0",
      "referrer_id": null,
      "referrals": {
        "level1": [],
        "level2": [],
        "level3": [],
        "level4": []
      }
    },
    "1422194909": {
      "id": 1422194909,
      "username": "developer_telegrams",
      "first_name": "[Developer]",
      "last_name": "Разработка",
      "free_request_used": false,
      "subscription_expiry": null,
      "referral_code": "ref_MTQyMjE5",
      "referrer_id": null,
      "referrals": {
        "level1": [],
        "level2": [],
        "level3": [],
        "level4": []
      }
    },
    "999999": {
      "id": 999999,
      "username": "test_user",
      "first_name": "Test",
      "last_name": "User",
      "free_request_used": false,
      "subscription_expiry": null,
      "referral_code": "ref_2ibqk3cl_999999",
      "referrer_id": null,
      "referrals": {
        "level1": [],
        "level2": [],
        "level3": [],
        "level4": []
      }
    },
    "888888": {
      "id": 888888,
      "username": "referrer_user",
      "first_name": "Referrer",
      "last_name": "User",
      "free_request_used": false,
      "subscription_expiry": null,
      "referral_code": "ref_test123_888888",
      "referrer_id": null,
      "referrals": {
        "level1": [
          777777
        ],
        "level2": [],
        "level3": [],
        "level4": []
      }
    },
    "777777": {
      "id": 777777,
      "username": "referred_user",
      "first_name": "Referred",
      "last_name": "User",
      "free_request_used": false,
      "subscription_expiry": null,
      "referral_code": null,
      "referrer_id": 888888,
      "referrals": {
        "level1": [],
        "level2": [],
        "level3": [],
        "level4": []
      }
    },
    "100001": {
      "id": 100001,
      "username": "main_referrer",
      "referral_code": "ref_main_100001",
      "referrer_id": null,
      "referrals": {
        "level1": [
          100002
        ],
        "level2": [
          100003
        ],
        "level3": [
          100004
        ],
        "level4": [
          100005
        ]
      }
    },
    "100002": {
      "id": 100002,
      "username": "level1",
      "referral_code": "ref_level1_100002",
      "referrer_id": 100001,
      "referrals": {
        "level1": [
          100003
        ],
        "level2": [
          100004
        ],
        "level3": [
          100005
        ],
        "level4": []
      }
    },
    "100003": {
      "id": 100003,
      "username": "level2",
      "referral_code": "ref_level2_100003",
      "referrer_id": 100002,
      "referrals": {
        "level1": [
          100004
        ],
        "level2": [
          100005
        ],
        "level3": [],
        "level4": []
      }
    },
    "100004": {
      "id": 100004,
      "username": "level3",
      "referral_code": "ref_level3_100004",
      "referrer_id": 100003,
      "referrals": {
        "level1": [
          100005
        ],
        "level2": [],
        "level3": [],
        "level4": []
      }
    },
    "100005": {
      "id": 100005,
      "username": "subscriber",
      "referral_code": null,
      "referrer_id": 100004,
      "referrals": {
        "level1": [],
        "level2": [],
        "level3": [],
        "level4": []
      }
    },
    "379704784": {
      "id": 379704784,
      "username": "apple_juicezz",
      "first_name": "Alex",
      "last_name": "Molchanov",
      "free_request_used": false,
      "subscription_expiry": null,
      "referral_code": "ref_79da2azx_379704784",
      "referrer_id": null,
      "referrals": {
        "level1": [],
        "level2": [],
        "level3": [],
        "level4": []
      }
    },
    "852123125": {
      "id": 852123125,
      "username": null,
      "first_name": "Ivan",
      "last_name": null,
      "free_request_used": false,
      "subscription_expiry": null,
      "referral_code": "ref_t104bq61_852123125",
      "referrer_id": null,
      "referrals": {
        "level1": [],
        "level2": [],
        "level3": [],
        "level4": []
      }
    },
    "2000000": {
      "id": 2000000,
      "username": "test_referrer_0",
      "first_name": "Test",
      "last_name": "Referrer",
      "free_request_used": false,
      "subscription_expiry": null,
      "referrals": {
        "level1": [],
        "level2": [],
        "level3": [],
        "level4": []
      },
      "referral_code": "ref_MjAwMDAwMF9h"
    },
    "3000000": {
      "id": 3000000,
      "username": null,
      "first_name": null,
      "last_name": null,
      "free_request_used": false,
      "subscription_expiry": null,
      "referral_code": null,
      "referrer_id": 2000000,
      "referrals": {
        "level1": [],
        "level2": [],
        "level3": [],
        "level4": []
      }
    },
    "4000000": {
      "id": 4000000,
      "username": "test_level1_0",
      "first_name": "Test level1",
      "last_name": "User",
      "free_request_used": false,
      "subscription_expiry": null,
      "referral_code": "ref_NDAwMDAwMF9r",
      "referrals": {
        "level1": [],
        "level2": [],
        "level3": [],
        "level4": []
      }
    },
    "4000010": {
      "id": 4000010,
      "username": "test_level2_0",
      "first_name": "Test level2",
      "last_name": "User",
      "free_request_used": false,
      "subscription_expiry": null,
      "referral_code": "ref_NDAwMDAxMF9a",
      "referrals": {
        "level1": [],
        "level2": [],
        "level3": [],
        "level4": []
      },
      "referrer_id": 4000000
    },
    "4000020": {
      "id": 4000020,
      "username": "test_level3_0",
      "first_name": "Test level3",
      "last_name": "User",
      "free_request_used": false,
      "subscription_expiry": null,
      "referral_code": "ref_NDAwMDAyMF9a",
      "referrals": {
        "level1": [],
        "level2": [],
        "level3": [],
        "level4": []
      },
      "referrer_id": 4000010
    },
    "4000030": {
      "id": 4000030,
      "username": "test_level4_0",
      "first_name": "Test level4",
      "last_name": "User",
      "free_request_used": false,
      "subscription_expiry": null,
      "referral_code": "ref_NDAwMDAzMF9U",
      "referrals": {
        "level1": [],
        "level2": [],
        "level3": [],
        "level4": []
      },
      "referrer_id": 4000020
    },
    "2000001": {
      "id": 2000001,
      "username": "test_referrer_1",
      "first_name": "Test",
      "last_name": "Referrer",
      "free_request_used": false,
      "subscription_expiry": null,
      "referrals": {
        "level1": [],
        "level2": [],
        "level3": [],
        "level4": []
      },
      "referral_code": "ref_MjAwMDAwMV82"
    },
    "3000001": {
      "id": 3000001,
      "username": null,
      "first_name": null,
      "last_name": null,
      "free_request_used": false,
      "subscription_expiry": null,
      "referral_code": null,
      "referrer_id": 2000001,
      "referrals": {
        "level1": [],
        "level2": [],
        "level3": [],
        "level4": []
      }
    },
    "2000002": {
      "id": 2000002,
      "username": "test_referrer_2",
      "first_name": "Test",
      "last_name": "Referrer",
      "free_request_used": false,
      "subscription_expiry": null,
      "referrals": {
        "level1": [],
        "level2": [],
        "level3": [],
        "level4": []
      },
      "referral_code": "ref_MjAwMDAwMl9G"
    },
    "3000002": {
      "id": 3000002,
      "username": null,
      "first_name": null,
      "last_name": null,
      "free_request_used": false,
      "subscription_expiry": null,
      "referral_code": null,
      "referrer_id": 2000002,
      "referrals": {
        "level1": [],
        "level2": [],
        "level3": [],
        "level4": []
      }
    },
    "2000003": {
      "id": 2000003,
      "username": "test_referrer_3",
      "first_name": "Test",
      "last_name": "Referrer",
      "free_request_used": false,
      "subscription_expiry": null,
      "referrals": {
        "level1": [],
        "level2": [],
        "level3": [],
        "level4": []
      },
      "referral_code": "ref_MjAwMDAwM19L"
    },
    "3000003": {
      "id": 3000003,
      "username": null,
      "first_name": null,
      "last_name": null,
      "free_request_used": false,
      "subscription_expiry": null,
      "referral_code": null,
      "referrer_id": 2000003,
      "referrals": {
        "level1": [],
        "level2": [],
        "level3": [],
        "level4": []
      }
    },
    "2000004": {
      "id": 2000004,
      "username": "test_referrer_4",
      "first_name": "Test",
      "last_name": "Referrer",
      "free_request_used": false,
      "subscription_expiry": null,
      "referrals": {
        "level1": [],
        "level2": [],
        "level3": [],
        "level4": []
      },
      "referral_code": "ref_MjAwMDAwNF9Y"
    },
    "3000004": {
      "id": 3000004,
      "username": null,
      "first_name": null,
      "last_name": null,
      "free_request_used": false,
      "subscription_expiry": null,
      "referral_code": null,
      "referrer_id": 2000004,
      "referrals": {
        "level1": [],
        "level2": [],
        "level3": [],
        "level4": []
      }
    },
    "4000001": {
      "id": 4000001,
      "username": "test_level1_1",
      "first_name": "Test level1",
      "last_name": "User",
      "free_request_used": false,
      "subscription_expiry": null,
      "referral_code": "ref_NDAwMDAwMV94",
      "referrals": {
        "level1": [],
        "level2": [],
        "level3": [],
        "level4": []
      }
    },
    "4000011": {
      "id": 4000011,
      "username": "test_level2_1",
      "first_name": "Test level2",
      "last_name": "User",
      "free_request_used": false,
      "subscription_expiry": null,
      "referral_code": "ref_NDAwMDAxMV9Q",
      "referrals": {
        "level1": [],
        "level2": [],
        "level3": [],
        "level4": []
      },
      "referrer_id": 4000001
    },
    "4000021": {
      "id": 4000021,
      "username": "test_level3_1",
      "first_name": "Test level3",
      "last_name": "User",
      "free_request_used": false,
      "subscription_expiry": null,
      "referral_code": "ref_NDAwMDAyMV9i",
      "referrals": {
        "level1": [],
        "level2": [],
        "level3": [],
        "level4": []
      },
      "referrer_id": 4000011
    },
    "4000031": {
      "id": 4000031,
      "username": "test_level4_1",
      "first_name": "Test level4",
      "last_name": "User",
      "free_request_used": false,
      "subscription_expiry": null,
      "referral_code": "ref_NDAwMDAzMV9Q",
      "referrals": {
        "level1": [],
        "level2": [],
        "level3": [],
        "level4": []
      },
      "referrer_id": 4000021
    },
    "4000002": {
      "id": 4000002,
      "username": "test_level1_2",
      "first_name": "Test level1",
      "last_name": "User",
      "free_request_used": false,
      "subscription_expiry": null,
      "referral_code": "ref_NDAwMDAwMl9U",
      "referrals": {
        "level1": [],
        "level2": [],
        "level3": [],
        "level4": []
      }
    },
    "4000012": {
      "id": 4000012,
      "username": "test_level2_2",
      "first_name": "Test level2",
      "last_name": "User",
      "free_request_used": false,
      "subscription_expiry": null,
      "referral_code": "ref_NDAwMDAxMl9B",
      "referrals": {
        "level1": [],
        "level2": [],
        "level3": [],
        "level4": []
      },
      "referrer_id": 4000002
    },
    "4000022": {
      "id": 4000022,
      "username": "test_level3_2",
      "first_name": "Test level3",
      "last_name": "User",
      "free_request_used": false,
      "subscription_expiry": null,
      "referral_code": "ref_NDAwMDAyMl9K",
      "referrals": {
        "level1": [],
        "level2": [],
        "level3": [],
        "level4": []
      },
      "referrer_id": 4000012
    },
    "4000032": {
      "id": 4000032,
      "username": "test_level4_2",
      "first_name": "Test level4",
      "last_name": "User",
      "free_request_used": false,
      "subscription_expiry": null,
      "referral_code": "ref_NDAwMDAzMl9P",
      "referrals": {
        "level1": [],
        "level2": [],
        "level3": [],
        "level4": []
      },
      "referrer_id": 4000022
    },
    "10001": {
      "id": 10001,
      "username": "test_level1_0",
      "first_name": "Test level1",
      "last_name": "User",
      "free_request_used": false,
      "subscription_expiry": null,
      "referral_code": "ref_MTAwMDFfUG5E",
      "referrals": {
        "level1": [],
        "level2": [],
        "level3": [],
        "level4": []
      },
      "referrer_id": null
    },
    "10002": {
      "id": 10002,
      "username": "test_level2_0",
      "first_name": "Test level2",
      "last_name": "User",
      "free_request_used": false,
      "subscription_expiry": null,
      "referral_code": "ref_MTAwMDJfTThD",
      "referrals": {
        "level1": [],
        "level2": [],
        "level3": [],
        "level4": []
      },
      "referrer_id": 10001
    },
    "10003": {
      "id": 10003,
      "username": "test_level3_0",
      "first_name": "Test level3",
      "last_name": "User",
      "free_request_used": false,
      "subscription_expiry": null,
      "referral_code": "ref_MTAwMDNfbmQ5",
      "referrals": {
        "level1": [],
        "level2": [],
        "level3": [],
        "level4": []
      },
      "referrer_id": 10002
    },
    "10004": {
      "id": 10004,
      "username": "test_level4_0",
      "first_name": "Test level4",
      "last_name": "User",
      "free_request_used": false,
      "subscription_expiry": null,
      "referral_code": "ref_MTAwMDRfbmlN",
      "referrals": {
        "level1": [],
        "level2": [],
        "level3": [],
        "level4": []
      },
      "referrer_id": 10003
    },
    "20001": {
      "id": 20001,
      "username": "test_level1_1",
      "first_name": "Test level1",
      "last_name": "User",
      "free_request_used": false,
      "subscription_expiry": null,
      "referral_code": "ref_MjAwMDFfMjBX",
      "referrals": {
        "level1": [],
        "level2": [],
        "level3": [],
        "level4": []
      },
      "referrer_id": null
    },
    "20002": {
      "id": 20002,
      "username": "test_level2_1",
      "first_name": "Test level2",
      "last_name": "User",
      "free_request_used": false,
      "subscription_expiry": null,
      "referral_code": "ref_MjAwMDJfbjBa",
      "referrals": {
        "level1": [],
        "level2": [],
        "level3": [],
        "level4": []
      },
      "referrer_id": 20001
    },
    "20003": {
      "id": 20003,
      "username": "test_level3_1",
      "first_name": "Test level3",
      "last_name": "User",
      "free_request_used": false,
      "subscription_expiry": null,
      "referral_code": "ref_MjAwMDNfTDF6",
      "referrals": {
        "level1": [],
        "level2": [],
        "level3": [],
        "level4": []
      },
      "referrer_id": 20002
    },
    "20004": {
      "id": 20004,
      "username": "test_level4_1",
      "first_name": "Test level4",
      "last_name": "User",
      "free_request_used": false,
      "subscription_expiry": null,
      "referral_code": "ref_MjAwMDRfSVNw",
      "referrals": {
        "level1": [],
        "level2": [],
        "level3": [],
        "level4": []
      },
      "referrer_id": 20003
    },
    "30001": {
      "id": 30001,
      "username": "test_level1_2",
      "first_name": "Test level1",
      "last_name": "User",
      "free_request_used": false,
      "subscription_expiry": null,
      "referral_code": "ref_MzAwMDFfVFls",
      "referrals": {
        "level1": [],
        "level2": [],
        "level3": [],
        "level4": []
      },
      "referrer_id": null
    },
    "30002": {
      "id": 30002,
      "username": "test_level2_2",
      "first_name": "Test level2",
      "last_name": "User",
      "free_request_used": false,
      "subscription_expiry": null,
      "referral_code": "ref_MzAwMDJfcUFm",
      "referrals": {
        "level1": [],
        "level2": [],
        "level3": [],
        "level4": []
      },
      "referrer_id": 30001
    },
    "30003": {
      "id": 30003,
      "username": "test_level3_2",
      "first_name": "Test level3",
      "last_name": "User",
      "free_request_used": false,
      "subscription_expiry": null,
      "referral_code": "ref_MzAwMDNfWkx5",
      "referrals": {
        "level1": [],
        "level2": [],
        "level3": [],
        "level4": []
      },
      "referrer_id": 30002
    },
    "30004": {
      "id": 30004,
      "username": "test_level4_2",
      "first_name": "Test level4",
      "last_name": "User",
      "free_request_used": false,
      "subscription_expiry": null,
      "referral_code": "ref_MzAwMDRfTzFv",
      "referrals": {
        "level1": [],
        "level2": [],
        "level3": [],
        "level4": []
      },
      "referrer_id": 30003
    },
    "1010001": {
      "id": 1010001,
      "username": "test_level1_0",
      "first_name": "Test level1",
      "last_name": "User",
      "free_request_used": false,
      "subscription_expiry": null,
      "referral_code": "ref_test_level1_0",
      "referrals": {
        "level1": [],
        "level2": [],
        "level3": [],
        "level4": []
      },
      "referrer_id": null
    },
    "1010002": {
      "id": 1010002,
      "username": "test_level2_0",
      "first_name": "Test level2",
      "last_name": "User",
      "free_request_used": false,
      "subscription_expiry": null,
      "referral_code": "ref_test_level2_0",
      "referrals": {
        "level1": [],
        "level2": [],
        "level3": [],
        "level4": []
      },
      "referrer_id": 1010001
    },
    "1010003": {
      "id": 1010003,
      "username": "test_level3_0",
      "first_name": "Test level3",
      "last_name": "User",
      "free_request_used": false,
      "subscription_expiry": null,
      "referral_code": "ref_test_level3_0",
      "referrals": {
        "level1": [],
        "level2": [],
        "level3": [],
        "level4": []
      },
      "referrer_id": 1010002
    },
    "1010004": {
      "id": 1010004,
      "username": "test_level4_0",
      "first_name": "Test level4",
      "last_name": "User",
      "free_request_used": false,
      "subscription_expiry": null,
      "referral_code": "ref_test_level4_0",
      "referrals": {
        "level1": [],
        "level2": [],
        "level3": [],
        "level4": []
      },
      "referrer_id": 1010003
    },
    "1020001": {
      "id": 1020001,
      "username": "test_level1_1",
      "first_name": "Test level1",
      "last_name": "User",
      "free_request_used": false,
      "subscription_expiry": null,
      "referral_code": "ref_test_level1_1",
      "referrals": {
        "level1": [],
        "level2": [],
        "level3": [],
        "level4": []
      },
      "referrer_id": null
    },
    "1020002": {
      "id": 1020002,
      "username": "test_level2_1",
      "first_name": "Test level2",
      "last_name": "User",
      "free_request_used": false,
      "subscription_expiry": null,
      "referral_code": "ref_test_level2_1",
      "referrals": {
        "level1": [],
        "level2": [],
        "level3": [],
        "level4": []
      },
      "referrer_id": 1020001
    },
    "1020003": {
      "id": 1020003,
      "username": "test_level3_1",
      "first_name": "Test level3",
      "last_name": "User",
      "free_request_used": false,
      "subscription_expiry": null,
      "referral_code": "ref_test_level3_1",
      "referrals": {
        "level1": [],
        "level2": [],
        "level3": [],
        "level4": []
      },
      "referrer_id": 1020002
    },
    "1020004": {
      "id": 1020004,
      "username": "test_level4_1",
      "first_name": "Test level4",
      "last_name": "User",
      "free_request_used": false,
      "subscription_expiry": null,
      "referral_code": "ref_test_level4_1",
      "referrals": {
        "level1": [],
        "level2": [],
        "level3": [],
        "level4": []
      },
      "referrer_id": 1020003
    },
    "1030001": {
      "id": 1030001,
      "username": "test_level1_2",
      "first_name": "Test level1",
      "last_name": "User",
      "free_request_used": false,
      "subscription_expiry": null,
      "referral_code": "ref_test_level1_2",
      "referrals": {
        "level1": [],
        "level2": [],
        "level3": [],
        "level4": []
      },
      "referrer_id": null
    },
    "1030002": {
      "id": 1030002,
      "username": "test_level2_2",
      "first_name": "Test level2",
      "last_name": "User",
      "free_request_used": false,
      "subscription_expiry": null,
      "referral_code": "ref_test_level2_2",
      "referrals": {
        "level1": [],
        "level2": [],
        "level3": [],
        "level4": []
      },
      "referrer_id": 1030001
    },
    "1030003": {
      "id": 1030003,
      "username": "test_level3_2",
      "first_name": "Test level3",
      "last_name": "User",
      "free_request_used": false,
      "subscription_expiry": null,
      "referral_code": "ref_test_level3_2",
      "referrals": {
        "level1": [],
        "level2": [],
        "level3": [],
        "level4": []
      },
      "referrer_id": 1030002
    },
    "1030004": {
      "id": 1030004,
      "username": "test_level4_2",
      "first_name": "Test level4",
      "last_name": "User",
      "free_request_used": false,
      "subscription_expiry": null,
      "referral_code": "ref_test_level4_2",
      "referrals": {
        "level1": [],
        "level2": [],
        "level3": [],
        "level4": []
      },
      "referrer_id": 1030003
    }
  }
}